index,n,epsilon,d,m,k,t,repeat,time_mu_s,model_error
0,4,0.3,2,2,70,1.0000,0,2.00,0.337224
1,4,0.3,2,2,70,1.0000,1,2.00,5.411984
2,4,0.3,2,2,70,1.0000,2,1.00,7.936878
3,4,0.3,2,2,70,1.0000,3,1.00,13.717579
4,4,0.3,2,2,70,1.0000,4,1.00,3.128811
5,4,0.3,2,2,70,1.0000,5,0.00,7.444389
6,4,0.3,2,2,70,1.0000,6,1.00,0.608471
7,4,0.3,2,2,70,1.0000,7,2.00,26.979010
8,4,0.3,2,2,70,1.0000,8,1.00,4.891981
9,4,0.3,2,2,70,1.0000,9,1.00,4.063197
10,4,0.3,2,2,70,1.0000,10,1.00,57.566986
11,4,0.3,2,2,70,1.0000,11,0.00,1.038996
12,4,0.3,2,2,70,1.0000,12,1.00,54.512894
13,4,0.3,2,2,70,1.0000,13,1.00,0.578129
14,4,0.3,2,2,70,1.0000,14,0.00,3.944306
15,4,0.3,2,2,70,1.0000,15,2.00,3.605147
16,4,0.3,2,2,70,1.0000,16,1.00,0.516398
17,4,0.3,2,2,70,1.0000,17,0.00,5.512783
18,4,0.3,2,2,70,1.0000,18,1.00,0.812562
19,4,0.3,2,2,70,1.0000,19,0.00,7.590693
20,4,0.3,2,2,70,1.0000,20,1.00,6.317712
21,4,0.3,2,2,70,1.0000,21,0.00,2.690615
22,4,0.3,2,2,70,1.0000,22,1.00,3.803185
23,4,0.3,2,2,70,1.0000,23,0.00,3.865032
24,4,0.3,2,2,70,1.0000,24,1.00,3.685076
25,4,0.3,2,2,70,1.0000,25,0.00,6.941412
26,4,0.3,2,2,70,1.0000,26,1.00,1.065102
27,4,0.3,2,2,70,1.0000,27,0.00,1.733256
28,4,0.3,2,2,70,1.0000,28,2.00,0.401239
29,4,0.3,2,2,70,1.0000,29,0.00,2.653955
30,4,0.3,2,2,70,1.0000,30,1.00,7.152194
31,4,0.3,2,2,70,1.0000,31,2.00,0.304478
32,4,0.3,2,2,70,1.0000,32,0.00,32.135765
33,4,0.3,2,2,70,1.0000,33,1.00,5.488998
34,4,0.3,2,2,70,1.0000,34,2.00,41.393997
35,4,0.3,2,2,70,1.0000,35,0.00,1.768337
36,4,0.3,2,2,70,1.0000,36,0.00,6.000347
37,4,0.3,2,2,70,1.0000,37,2.00,5.140530
38,4,0.3,2,2,70,1.0000,38,0.00,11.362029
39,4,0.3,2,2,70,1.0000,39,1.00,38.349846
40,4,0.3,2,2,70,1.0000,40,1.00,1.620892
41,4,0.3,2,2,70,1.0000,41,0.00,4.941731
42,4,0.3,2,2,70,1.0000,42,1.00,3.883219
43,4,0.3,2,2,70,1.0000,43,0.00,5.021399
44,4,0.3,2,2,70,1.0000,44,1.00,1.757282
45,4,0.3,2,2,70,1.0000,45,0.00,1.425954
46,4,0.3,2,2,70,1.0000,46,1.00,3.498222
47,4,0.3,2,2,70,1.0000,47,0.00,1.290542
48,4,0.3,2,2,70,1.0000,48,1.00,3.615339
49,4,0.3,2,2,70,1.0000,49,0.00,1.048889
50,4,0.3,2,2,70,1.0000,50,2.00,3.469809
51,4,0.3,2,2,70,1.0000,51,0.00,14.874537
52,4,0.3,2,2,70,1.0000,52,1.00,4.445542
53,4,0.3,2,2,70,1.0000,53,1.00,1.893307
54,4,0.3,2,2,70,1.0000,54,1.00,6.066648
55,4,0.3,2,2,70,1.0000,55,0.00,1.350399
56,4,0.3,2,2,70,1.0000,56,1.00,3.625266
57,4,0.3,2,2,70,1.0000,57,0.00,9.926124
58,4,0.3,2,2,70,1.0000,58,1.00,6.450343
59,4,0.3,2,2,70,1.0000,59,0.00,4.262045
60,4,0.3,2,2,70,1.0000,60,1.00,2.709064
61,4,0.3,2,2,70,1.0000,61,1.00,1.548206
62,4,0.3,2,2,70,1.0000,62,1.00,11.684597
63,4,0.3,2,2,70,1.0000,63,1.00,8.873776
64,4,0.3,2,2,70,1.0000,64,0.00,6.510166
65,4,0.3,2,2,70,1.0000,65,1.00,10.297017
66,4,0.3,2,2,70,1.0000,66,1.00,159.999268
67,4,0.3,2,2,70,1.0000,67,1.00,3.312548
68,4,0.3,2,2,70,1.0000,68,0.00,0.782010
69,4,0.3,2,2,70,1.0000,69,2.00,4.628487
70,4,0.3,2,2,70,1.0000,70,0.00,24.880173
71,4,0.3,2,2,70,1.0000,71,1.00,2.656238
72,4,0.3,2,2,70,1.0000,72,1.00,2.616242
73,4,0.3,2,2,70,1.0000,73,1.00,0.180882
74,4,0.3,2,2,70,1.0000,74,0.00,2.454117
75,4,0.3,2,2,70,1.0000,75,2.00,2.612852
76,4,0.3,2,2,70,1.0000,76,0.00,5.156116
77,4,0.3,2,2,70,1.0000,77,1.00,3.683754
78,4,0.3,2,2,70,1.0000,78,0.00,53.504414
79,4,0.3,2,2,70,1.0000,79,1.00,17.042143
80,4,0.3,2,2,70,1.0000,80,0.00,1.716598
81,4,0.3,2,2,70,1.0000,81,1.00,2.623293
82,4,0.3,2,2,70,1.0000,82,1.00,164.648712
83,4,0.3,2,2,70,1.0000,83,1.00,4.515438
84,4,0.3,2,2,70,1.0000,84,0.00,70.719963
85,4,0.3,2,2,70,1.0000,85,2.00,0.910899
86,4,0.3,2,2,70,1.0000,86,0.00,3.867457
87,4,0.3,2,2,70,1.0000,87,1.00,1.096219
88,4,0.3,2,2,70,1.0000,88,1.00,14.302741
89,4,0.3,2,2,70,1.0000,89,1.00,1.624851
90,4,0.3,2,2,70,1.0000,90,0.00,3.714777
91,4,0.3,2,2,70,1.0000,91,1.00,3.684559
92,4,0.3,2,2,70,1.0000,92,1.00,1.771306
93,4,0.3,2,2,70,1.0000,93,0.00,0.792234
94,4,0.3,2,2,70,1.0000,94,1.00,5.121150
95,4,0.3,2,2,70,1.0000,95,0.00,2.609058
96,4,0.3,2,2,70,1.0000,96,1.00,5.827493
97,4,0.3,2,2,70,1.0000,97,0.00,0.080370
98,4,0.3,2,2,70,1.0000,98,2.00,3.225761
99,4,0.3,2,2,70,1.0000,99,0.00,5.008112
100,8,0.3,5,2,70,1.0000,0,2.00,0.935756
101,8,0.3,5,2,70,1.0000,1,2.00,0.765281
102,8,0.3,5,2,70,1.0000,2,3.00,0.307913
103,8,0.3,5,2,70,1.0000,3,4.00,0.561905
104,8,0.3,5,2,70,1.0000,4,24.00,0.676826
105,8,0.3,5,2,70,1.0000,5,1.00,2.138780
106,8,0.3,5,2,70,1.0000,6,2.00,4.343150
107,8,0.3,5,2,70,1.0000,7,2.00,0.645780
108,8,0.3,5,2,70,1.0000,8,17.00,0.348274
109,8,0.3,5,2,70,1.0000,9,1.00,0.078310
110,8,0.3,5,2,70,1.0000,10,2.00,1.813922
111,8,0.3,5,2,70,1.0000,11,1.00,0.159688
112,8,0.3,5,2,70,1.0000,12,2.00,1.173843
113,8,0.3,5,2,70,1.0000,13,1.00,0.674139
114,8,0.3,5,2,70,1.0000,14,1.00,6.177785
115,8,0.3,5,2,70,1.0000,15,3.00,0.323148
116,8,0.3,5,2,70,1.0000,16,3.00,1.166397
117,8,0.3,5,2,70,1.0000,17,5.00,0.767467
118,8,0.3,5,2,70,1.0000,18,4.00,0.639211
119,8,0.3,5,2,70,1.0000,19,1.00,0.193240
120,8,0.3,5,2,70,1.0000,20,2.00,0.583513
121,8,0.3,5,2,70,1.0000,21,3.00,2.930670
122,8,0.3,5,2,70,1.0000,22,3.00,0.333963
123,8,0.3,5,2,70,1.0000,23,1.00,0.113111
124,8,0.3,5,2,70,1.0000,24,1.00,0.588484
125,8,0.3,5,2,70,1.0000,25,2.00,0.317226
126,8,0.3,5,2,70,1.0000,26,9.00,1.981902
127,8,0.3,5,2,70,1.0000,27,2.00,1.314235
128,8,0.3,5,2,70,1.0000,28,2.00,1.002259
129,8,0.3,5,2,70,1.0000,29,24.00,0.749812
130,8,0.3,5,2,70,1.0000,30,3.00,0.677449
131,8,0.3,5,2,70,1.0000,31,1.00,2.337970
132,8,0.3,5,2,70,1.0000,32,1.00,0.185636
133,8,0.3,5,2,70,1.0000,33,4.00,4.448510
134,8,0.3,5,2,70,1.0000,34,1.00,0.803160
135,8,0.3,5,2,70,1.0000,35,2.00,3.487297
136,8,0.3,5,2,70,1.0000,36,0.00,2.510294
137,8,0.3,5,2,70,1.0000,37,2.00,0.330072
138,8,0.3,5,2,70,1.0000,38,2.00,0.088171
139,8,0.3,5,2,70,1.0000,39,1.00,1.090021
140,8,0.3,5,2,70,1.0000,40,0.00,1.227178
141,8,0.3,5,2,70,1.0000,41,2.00,0.298794
142,8,0.3,5,2,70,1.0000,42,2.00,1.262169
143,8,0.3,5,2,70,1.0000,43,23.00,5.063926
144,8,0.3,5,2,70,1.0000,44,2.00,1.573718
145,8,0.3,5,2,70,1.0000,45,4.00,0.206455
146,8,0.3,5,2,70,1.0000,46,2.00,0.711674
147,8,0.3,5,2,70,1.0000,47,1.00,0.174946
148,8,0.3,5,2,70,1.0000,48,24.00,10.157777
149,8,0.3,5,2,70,1.0000,49,10.00,1.481748
150,8,0.3,5,2,70,1.0000,50,1.00,1.924689
151,8,0.3,5,2,70,1.0000,51,2.00,0.376424
152,8,0.3,5,2,70,1.0000,52,24.00,0.517149
153,8,0.3,5,2,70,1.0000,53,0.00,4.114208
154,8,0.3,5,2,70,1.0000,54,1.00,1.109096
155,8,0.3,5,2,70,1.0000,55,2.00,4.628502
156,8,0.3,5,2,70,1.0000,56,1.00,2.437135
157,8,0.3,5,2,70,1.0000,57,1.00,0.494941
158,8,0.3,5,2,70,1.0000,58,1.00,0.205343
159,8,0.3,5,2,70,1.0000,59,2.00,0.436386
160,8,0.3,5,2,70,1.0000,60,2.00,0.876592
161,8,0.3,5,2,70,1.0000,61,24.00,4.364636
162,8,0.3,5,2,70,1.0000,62,3.00,0.291328
163,8,0.3,5,2,70,1.0000,63,6.00,0.592057
164,8,0.3,5,2,70,1.0000,64,1.00,7.771119
165,8,0.3,5,2,70,1.0000,65,0.00,0.400562
166,8,0.3,5,2,70,1.0000,66,24.00,0.392241
167,8,0.3,5,2,70,1.0000,67,24.00,1.239938
168,8,0.3,5,2,70,1.0000,68,3.00,4.163759
169,8,0.3,5,2,70,1.0000,69,1.00,0.571619
170,8,0.3,5,2,70,1.0000,70,6.00,2.122427
171,8,0.3,5,2,70,1.0000,71,1.00,0.085778
172,8,0.3,5,2,70,1.0000,72,2.00,0.774100
173,8,0.3,5,2,70,1.0000,73,2.00,1.200361
174,8,0.3,5,2,70,1.0000,74,2.00,3.078138
175,8,0.3,5,2,70,1.0000,75,1.00,1.892508
176,8,0.3,5,2,70,1.0000,76,1.00,0.820877
177,8,0.3,5,2,70,1.0000,77,1.00,0.290651
178,8,0.3,5,2,70,1.0000,78,0.00,1.068123
179,8,0.3,5,2,70,1.0000,79,2.00,0.991241
180,8,0.3,5,2,70,1.0000,80,1.00,1.155586
181,8,0.3,5,2,70,1.0000,81,1.00,0.286464
182,8,0.3,5,2,70,1.0000,82,1.00,0.377406
183,8,0.3,5,2,70,1.0000,83,2.00,0.879703
184,8,0.3,5,2,70,1.0000,84,2.00,0.982119
185,8,0.3,5,2,70,1.0000,85,11.00,0.208519
186,8,0.3,5,2,70,1.0000,86,2.00,2.169363
187,8,0.3,5,2,70,1.0000,87,23.00,0.837149
188,8,0.3,5,2,70,1.0000,88,1.00,0.670416
189,8,0.3,5,2,70,1.0000,89,1.00,0.165073
190,8,0.3,5,2,70,1.0000,90,1.00,0.195681
191,8,0.3,5,2,70,1.0000,91,24.00,1.451829
192,8,0.3,5,2,70,1.0000,92,2.00,3.727437
193,8,0.3,5,2,70,1.0000,93,3.00,0.559645
194,8,0.3,5,2,70,1.0000,94,3.00,4.400269
195,8,0.3,5,2,70,1.0000,95,0.00,0.163295
196,8,0.3,5,2,70,1.0000,96,1.00,2.512040
197,8,0.3,5,2,70,1.0000,97,2.00,0.394394
198,8,0.3,5,2,70,1.0000,98,2.00,1.563282
199,8,0.3,5,2,70,1.0000,99,2.00,0.651677
200,16,0.3,11,2,70,1.0000,0,4.00,2.063634
201,16,0.3,11,2,70,1.0000,1,41.00,0.658602
202,16,0.3,11,2,70,1.0000,2,3.00,0.581062
203,16,0.3,11,2,70,1.0000,3,7.00,0.501824
204,16,0.3,11,2,70,1.0000,4,31.00,2.260797
205,16,0.3,11,2,70,1.0000,5,2.00,0.700455
206,16,0.3,11,2,70,1.0000,6,36.00,0.237291
207,16,0.3,11,2,70,1.0000,7,6.00,0.385232
208,16,0.3,11,2,70,1.0000,8,1.00,0.255680
209,16,0.3,11,2,70,1.0000,9,8.00,1.081519
210,16,0.3,11,2,70,1.0000,10,2.00,0.218112
211,16,0.3,11,2,70,1.0000,11,1.00,0.759998
212,16,0.3,11,2,70,1.0000,12,2.00,0.989336
213,16,0.3,11,2,70,1.0000,13,3.00,1.267432
214,16,0.3,11,2,70,1.0000,14,33.00,1.211208
215,16,0.3,11,2,70,1.0000,15,2.00,0.975972
216,16,0.3,11,2,70,1.0000,16,3.00,0.130961
217,16,0.3,11,2,70,1.0000,17,1.00,0.104118
218,16,0.3,11,2,70,1.0000,18,8.00,0.336112
219,16,0.3,11,2,70,1.0000,19,2.00,0.529825
220,16,0.3,11,2,70,1.0000,20,1.00,0.536678
221,16,0.3,11,2,70,1.0000,21,35.00,0.279044
222,16,0.3,11,2,70,1.0000,22,8.00,0.726610
223,16,0.3,11,2,70,1.0000,23,36.00,0.377940
224,16,0.3,11,2,70,1.0000,24,15.00,1.050053
225,16,0.3,11,2,70,1.0000,25,2.00,0.348512
226,16,0.3,11,2,70,1.0000,26,1.00,1.043826
227,16,0.3,11,2,70,1.0000,27,9.00,0.563968
228,16,0.3,11,2,70,1.0000,28,3.00,1.204971
229,16,0.3,11,2,70,1.0000,29,2.00,0.714254
230,16,0.3,11,2,70,1.0000,30,39.00,0.882105
231,16,0.3,11,2,70,1.0000,31,17.00,1.261713
232,16,0.3,11,2,70,1.0000,32,19.00,0.599547
233,16,0.3,11,2,70,1.0000,33,5.00,1.147539
234,16,0.3,11,2,70,1.0000,34,8.00,1.382394
235,16,0.3,11,2,70,1.0000,35,3.00,0.426493
236,16,0.3,11,2,70,1.0000,36,8.00,0.326964
237,16,0.3,11,2,70,1.0000,37,5.00,0.931895
238,16,0.3,11,2,70,1.0000,38,33.00,0.890801
239,16,0.3,11,2,70,1.0000,39,5.00,0.330342
240,16,0.3,11,2,70,1.0000,40,36.00,3.167978
241,16,0.3,11,2,70,1.0000,41,8.00,0.339812
242,16,0.3,11,2,70,1.0000,42,3.00,1.466571
243,16,0.3,11,2,70,1.0000,43,1.00,0.441731
244,16,0.3,11,2,70,1.0000,44,2.00,1.172408
245,16,0.3,11,2,70,1.0000,45,1.00,0.541290
246,16,0.3,11,2,70,1.0000,46,1.00,0.621727
247,16,0.3,11,2,70,1.0000,47,2.00,0.385068
248,16,0.3,11,2,70,1.0000,48,2.00,0.387274
249,16,0.3,11,2,70,1.0000,49,37.00,0.481165
250,16,0.3,11,2,70,1.0000,50,7.00,0.430932
251,16,0.3,11,2,70,1.0000,51,6.00,1.002832
252,16,0.3,11,2,70,1.0000,52,36.00,1.275709
253,16,0.3,11,2,70,1.0000,53,35.00,0.188994
254,16,0.3,11,2,70,1.0000,54,6.00,0.282798
255,16,0.3,11,2,70,1.0000,55,1.00,0.368437
256,16,0.3,11,2,70,1.0000,56,1.00,0.733826
257,16,0.3,11,2,70,1.0000,57,2.00,1.275404
258,16,0.3,11,2,70,1.0000,58,5.00,0.149730
259,16,0.3,11,2,70,1.0000,59,3.00,0.767099
260,16,0.3,11,2,70,1.0000,60,40.00,1.558332
261,16,0.3,11,2,70,1.0000,61,3.00,0.869536
262,16,0.3,11,2,70,1.0000,62,1.00,0.418039
263,16,0.3,11,2,70,1.0000,63,8.00,0.569847
264,16,0.3,11,2,70,1.0000,64,35.00,0.446245
265,16,0.3,11,2,70,1.0000,65,10.00,1.062943
266,16,0.3,11,2,70,1.0000,66,37.00,0.358979
267,16,0.3,11,2,70,1.0000,67,6.00,1.154206
268,16,0.3,11,2,70,1.0000,68,1.00,0.344934
269,16,0.3,11,2,70,1.0000,69,7.00,0.399494
270,16,0.3,11,2,70,1.0000,70,3.00,1.268297
271,16,0.3,11,2,70,1.0000,71,1.00,0.268007
272,16,0.3,11,2,70,1.0000,72,3.00,0.529124
273,16,0.3,11,2,70,1.0000,73,5.00,0.439621
274,16,0.3,11,2,70,1.0000,74,2.00,0.882101
275,16,0.3,11,2,70,1.0000,75,4.00,1.206954
276,16,0.3,11,2,70,1.0000,76,9.00,0.187603
277,16,0.3,11,2,70,1.0000,77,2.00,0.810635
278,16,0.3,11,2,70,1.0000,78,2.00,0.389981
279,16,0.3,11,2,70,1.0000,79,4.00,0.833390
280,16,0.3,11,2,70,1.0000,80,1.00,0.621684
281,16,0.3,11,2,70,1.0000,81,3.00,0.408844
282,16,0.3,11,2,70,1.0000,82,3.00,0.524654
283,16,0.3,11,2,70,1.0000,83,7.00,0.481028
284,16,0.3,11,2,70,1.0000,84,36.00,0.329625
285,16,0.3,11,2,70,1.0000,85,6.00,0.232802
286,16,0.3,11,2,70,1.0000,86,2.00,0.376392
287,16,0.3,11,2,70,1.0000,87,39.00,2.887764
288,16,0.3,11,2,70,1.0000,88,19.00,0.758268
289,16,0.3,11,2,70,1.0000,89,12.00,1.046818
290,16,0.3,11,2,70,1.0000,90,3.00,0.608935
291,16,0.3,11,2,70,1.0000,91,3.00,0.264839
292,16,0.3,11,2,70,1.0000,92,2.00,0.077835
293,16,0.3,11,2,70,1.0000,93,3.00,1.357058
294,16,0.3,11,2,70,1.0000,94,3.00,1.719793
295,16,0.3,11,2,70,1.0000,95,4.00,0.502060
296,16,0.3,11,2,70,1.0000,96,2.00,0.281758
297,16,0.3,11,2,70,1.0000,97,13.00,0.314905
298,16,0.3,11,2,70,1.0000,98,2.00,0.097939
299,16,0.3,11,2,70,1.0000,99,3.00,0.719668
300,32,0.3,22,2,70,1.0000,0,3.00,0.709044
301,32,0.3,22,2,70,1.0000,1,67.00,2.248092
302,32,0.3,22,2,70,1.0000,2,57.00,0.942764
303,32,0.3,22,2,70,1.0000,3,9.00,0.788463
304,32,0.3,22,2,70,1.0000,4,59.00,0.383576
305,32,0.3,22,2,70,1.0000,5,17.00,0.398038
306,32,0.3,22,2,70,1.0000,6,34.00,0.833126
307,32,0.3,22,2,70,1.0000,7,8.00,0.298615
308,32,0.3,22,2,70,1.0000,8,30.00,0.107178
309,32,0.3,22,2,70,1.0000,9,19.00,0.288712
310,32,0.3,22,2,70,1.0000,10,61.00,0.824300
311,32,0.3,22,2,70,1.0000,11,24.00,1.181437
312,32,0.3,22,2,70,1.0000,12,18.00,0.306325
313,32,0.3,22,2,70,1.0000,13,7.00,0.349490
314,32,0.3,22,2,70,1.0000,14,2.00,0.223154
315,32,0.3,22,2,70,1.0000,15,59.00,0.324871
316,32,0.3,22,2,70,1.0000,16,2.00,0.278024
317,32,0.3,22,2,70,1.0000,17,21.00,0.151855
318,32,0.3,22,2,70,1.0000,18,4.00,0.078509
319,32,0.3,22,2,70,1.0000,19,3.00,0.101484
320,32,0.3,22,2,70,1.0000,20,16.00,0.444687
321,32,0.3,22,2,70,1.0000,21,14.00,0.688674
322,32,0.3,22,2,70,1.0000,22,3.00,0.420339
323,32,0.3,22,2,70,1.0000,23,2.00,0.012226
324,32,0.3,22,2,70,1.0000,24,11.00,0.906616
325,32,0.3,22,2,70,1.0000,25,62.00,0.696303
326,32,0.3,22,2,70,1.0000,26,12.00,0.149317
327,32,0.3,22,2,70,1.0000,27,5.00,0.783538
328,32,0.3,22,2,70,1.0000,28,21.00,0.303641
329,32,0.3,22,2,70,1.0000,29,17.00,0.248587
330,32,0.3,22,2,70,1.0000,30,3.00,0.068725
331,32,0.3,22,2,70,1.0000,31,60.00,0.399550
332,32,0.3,22,2,70,1.0000,32,2.00,0.595470
333,32,0.3,22,2,70,1.0000,33,61.00,0.623422
334,32,0.3,22,2,70,1.0000,34,4.00,0.535053
335,32,0.3,22,2,70,1.0000,35,61.00,0.683110
336,32,0.3,22,2,70,1.0000,36,11.00,0.799073
337,32,0.3,22,2,70,1.0000,37,19.00,1.066967
338,32,0.3,22,2,70,1.0000,38,30.00,0.139105
339,32,0.3,22,2,70,1.0000,39,60.00,1.081084
340,32,0.3,22,2,70,1.0000,40,7.00,0.105568
341,32,0.3,22,2,70,1.0000,41,27.00,0.560692
342,32,0.3,22,2,70,1.0000,42,13.00,1.050791
343,32,0.3,22,2,70,1.0000,43,7.00,0.262500
344,32,0.3,22,2,70,1.0000,44,2.00,0.101754
345,32,0.3,22,2,70,1.0000,45,43.00,0.146010
346,32,0.3,22,2,70,1.0000,46,59.00,0.777209
347,32,0.3,22,2,70,1.0000,47,5.00,0.836505
348,32,0.3,22,2,70,1.0000,48,3.00,0.283581
349,32,0.3,22,2,70,1.0000,49,3.00,0.527619
350,32,0.3,22,2,70,1.0000,50,3.00,1.235050
351,32,0.3,22,2,70,1.0000,51,10.00,0.217650
352,32,0.3,22,2,70,1.0000,52,6.00,1.167147
353,32,0.3,22,2,70,1.0000,53,3.00,1.098462
354,32,0.3,22,2,70,1.0000,54,2.00,0.852979
355,32,0.3,22,2,70,1.0000,55,6.00,0.325683
356,32,0.3,22,2,70,1.0000,56,31.00,0.157373
357,32,0.3,22,2,70,1.0000,57,21.00,0.346074
358,32,0.3,22,2,70,1.0000,58,16.00,0.044382
359,32,0.3,22,2,70,1.0000,59,5.00,0.309200
360,32,0.3,22,2,70,1.0000,60,14.00,1.061190
361,32,0.3,22,2,70,1.0000,61,14.00,0.448845
362,32,0.3,22,2,70,1.0000,62,9.00,0.452694
363,32,0.3,22,2,70,1.0000,63,60.00,0.592342
364,32,0.3,22,2,70,1.0000,64,8.00,0.068129
365,32,0.3,22,2,70,1.0000,65,4.00,0.410584
366,32,0.3,22,2,70,1.0000,66,19.00,0.363653
367,32,0.3,22,2,70,1.0000,67,60.00,1.253957
368,32,0.3,22,2,70,1.0000,68,7.00,0.125780
369,32,0.3,22,2,70,1.0000,69,61.00,0.217111
370,32,0.3,22,2,70,1.0000,70,37.00,0.369763
371,32,0.3,22,2,70,1.0000,71,34.00,0.404536
372,32,0.3,22,2,70,1.0000,72,21.00,0.648087
373,32,0.3,22,2,70,1.0000,73,2.00,0.570674
374,32,0.3,22,2,70,1.0000,74,58.00,1.023823
375,32,0.3,22,2,70,1.0000,75,10.00,0.852209
376,32,0.3,22,2,70,1.0000,76,2.00,0.318554
377,32,0.3,22,2,70,1.0000,77,62.00,0.457040
378,32,0.3,22,2,70,1.0000,78,59.00,0.222645
379,32,0.3,22,2,70,1.0000,79,14.00,0.375132
380,32,0.3,22,2,70,1.0000,80,59.00,0.446034
381,32,0.3,22,2,70,1.0000,81,5.00,0.086421
382,32,0.3,22,2,70,1.0000,82,13.00,0.261149
383,32,0.3,22,2,70,1.0000,83,64.00,0.797636
384,32,0.3,22,2,70,1.0000,84,16.00,0.197160
385,32,0.3,22,2,70,1.0000,85,60.00,0.962018
386,32,0.3,22,2,70,1.0000,86,55.00,0.527505
387,32,0.3,22,2,70,1.0000,87,64.00,0.119013
388,32,0.3,22,2,70,1.0000,88,42.00,0.082430
389,32,0.3,22,2,70,1.0000,89,6.00,0.579504
390,32,0.3,22,2,70,1.0000,90,63.00,0.139743
391,32,0.3,22,2,70,1.0000,91,56.00,0.312523
392,32,0.3,22,2,70,1.0000,92,15.00,1.035342
393,32,0.3,22,2,70,1.0000,93,13.00,0.555410
394,32,0.3,22,2,70,1.0000,94,50.00,1.010280
395,32,0.3,22,2,70,1.0000,95,14.00,0.359644
396,32,0.3,22,2,70,1.0000,96,5.00,0.196788
397,32,0.3,22,2,70,1.0000,97,54.00,0.777835
398,32,0.3,22,2,70,1.0000,98,13.00,0.130847
399,32,0.3,22,2,70,1.0000,99,34.00,0.462548
400,64,0.3,44,2,70,1.0000,0,107.00,0.730344
401,64,0.3,44,2,70,1.0000,1,101.00,0.518496
402,64,0.3,44,2,70,1.0000,2,26.00,1.078590
403,64,0.3,44,2,70,1.0000,3,6.00,0.131885
404,64,0.3,44,2,70,1.0000,4,102.00,0.199853
405,64,0.3,44,2,70,1.0000,5,98.00,0.144241
406,64,0.3,44,2,70,1.0000,6,16.00,0.688286
407,64,0.3,44,2,70,1.0000,7,30.00,0.581605
408,64,0.3,44,2,70,1.0000,8,14.00,0.527975
409,64,0.3,44,2,70,1.0000,9,20.00,0.132178
410,64,0.3,44,2,70,1.0000,10,3.00,0.250119
411,64,0.3,44,2,70,1.0000,11,80.00,0.259661
412,64,0.3,44,2,70,1.0000,12,102.00,0.977448
413,64,0.3,44,2,70,1.0000,13,105.00,0.285160
414,64,0.3,44,2,70,1.0000,14,99.00,0.384412
415,64,0.3,44,2,70,1.0000,15,15.00,0.696214
416,64,0.3,44,2,70,1.0000,16,100.00,0.306705
417,64,0.3,44,2,70,1.0000,17,106.00,1.151676
418,64,0.3,44,2,70,1.0000,18,34.00,0.789306
419,64,0.3,44,2,70,1.0000,19,101.00,0.239828
420,64,0.3,44,2,70,1.0000,20,107.00,0.265670
421,64,0.3,44,2,70,1.0000,21,98.00,0.695335
422,64,0.3,44,2,70,1.0000,22,101.00,1.459153
423,64,0.3,44,2,70,1.0000,23,101.00,0.171568
424,64,0.3,44,2,70,1.0000,24,101.00,0.466811
425,64,0.3,44,2,70,1.0000,25,62.00,0.011374
426,64,0.3,44,2,70,1.0000,26,110.00,0.690511
427,64,0.3,44,2,70,1.0000,27,110.00,0.379348
428,64,0.3,44,2,70,1.0000,28,58.00,0.510548
429,64,0.3,44,2,70,1.0000,29,11.00,0.291506
430,64,0.3,44,2,70,1.0000,30,98.00,0.106305
431,64,0.3,44,2,70,1.0000,31,109.00,0.467509
432,64,0.3,44,2,70,1.0000,32,103.00,0.244273
433,64,0.3,44,2,70,1.0000,33,15.00,0.394378
434,64,0.3,44,2,70,1.0000,34,7.00,0.232914
435,64,0.3,44,2,70,1.0000,35,41.00,0.667711
436,64,0.3,44,2,70,1.0000,36,109.00,0.373392
437,64,0.3,44,2,70,1.0000,37,4.00,0.264119
438,64,0.3,44,2,70,1.0000,38,101.00,0.139935
439,64,0.3,44,2,70,1.0000,39,101.00,0.762832
440,64,0.3,44,2,70,1.0000,40,103.00,0.050348
441,64,0.3,44,2,70,1.0000,41,103.00,0.161948
442,64,0.3,44,2,70,1.0000,42,80.00,0.284712
443,64,0.3,44,2,70,1.0000,43,102.00,0.096586
444,64,0.3,44,2,70,1.0000,44,101.00,0.203469
445,64,0.3,44,2,70,1.0000,45,99.00,0.156399
446,64,0.3,44,2,70,1.0000,46,94.00,0.263593
447,64,0.3,44,2,70,1.0000,47,81.00,0.276513
448,64,0.3,44,2,70,1.0000,48,85.00,0.191874
449,64,0.3,44,2,70,1.0000,49,78.00,0.280842
450,64,0.3,44,2,70,1.0000,50,112.00,0.171367
451,64,0.3,44,2,70,1.0000,51,11.00,0.481378
452,64,0.3,44,2,70,1.0000,52,105.00,0.314378
453,64,0.3,44,2,70,1.0000,53,102.00,0.304269
454,64,0.3,44,2,70,1.0000,54,78.00,0.218225
455,64,0.3,44,2,70,1.0000,55,93.00,0.379340
456,64,0.3,44,2,70,1.0000,56,100.00,0.099020
457,64,0.3,44,2,70,1.0000,57,112.00,0.173797
458,64,0.3,44,2,70,1.0000,58,102.00,0.404294
459,64,0.3,44,2,70,1.0000,59,98.00,0.145365
460,64,0.3,44,2,70,1.0000,60,76.00,1.178888
461,64,0.3,44,2,70,1.0000,61,106.00,0.509772
462,64,0.3,44,2,70,1.0000,62,100.00,0.059847
463,64,0.3,44,2,70,1.0000,63,40.00,0.186186
464,64,0.3,44,2,70,1.0000,64,20.00,0.136035
465,64,0.3,44,2,70,1.0000,65,93.00,0.231562
466,64,0.3,44,2,70,1.0000,66,109.00,0.041855
467,64,0.3,44,2,70,1.0000,67,105.00,0.239733
468,64,0.3,44,2,70,1.0000,68,107.00,0.572532
469,64,0.3,44,2,70,1.0000,69,20.00,0.187622
470,64,0.3,44,2,70,1.0000,70,106.00,0.206972
471,64,0.3,44,2,70,1.0000,71,36.00,0.133931
472,64,0.3,44,2,70,1.0000,72,5.00,1.925408
473,64,0.3,44,2,70,1.0000,73,3.00,0.252023
474,64,0.3,44,2,70,1.0000,74,103.00,0.178423
475,64,0.3,44,2,70,1.0000,75,60.00,0.290385
476,64,0.3,44,2,70,1.0000,76,106.00,0.402436
477,64,0.3,44,2,70,1.0000,77,95.00,0.190625
478,64,0.3,44,2,70,1.0000,78,106.00,0.463157
479,64,0.3,44,2,70,1.0000,79,97.00,0.266713
480,64,0.3,44,2,70,1.0000,80,90.00,0.844503
481,64,0.3,44,2,70,1.0000,81,108.00,0.290625
482,64,0.3,44,2,70,1.0000,82,14.00,0.457818
483,64,0.3,44,2,70,1.0000,83,21.00,0.247372
484,64,0.3,44,2,70,1.0000,84,62.00,0.575056
485,64,0.3,44,2,70,1.0000,85,108.00,0.164903
486,64,0.3,44,2,70,1.0000,86,3.00,0.382973
487,64,0.3,44,2,70,1.0000,87,108.00,0.146329
488,64,0.3,44,2,70,1.0000,88,108.00,0.329190
489,64,0.3,44,2,70,1.0000,89,105.00,0.033214
490,64,0.3,44,2,70,1.0000,90,107.00,0.402951
491,64,0.3,44,2,70,1.0000,91,105.00,0.452691
492,64,0.3,44,2,70,1.0000,92,105.00,0.422766
493,64,0.3,44,2,70,1.0000,93,105.00,0.113234
494,64,0.3,44,2,70,1.0000,94,12.00,0.771492
495,64,0.3,44,2,70,1.0000,95,14.00,0.548798
496,64,0.3,44,2,70,1.0000,96,26.00,0.346842
497,64,0.3,44,2,70,1.0000,97,64.00,1.003888
498,64,0.3,44,2,70,1.0000,98,104.00,0.062280
499,64,0.3,44,2,70,1.0000,99,103.00,0.814593
500,128,0.3,89,2,70,1.0000,0,188.00,0.198883
501,128,0.3,89,2,70,1.0000,1,192.00,1.083174
502,128,0.3,89,2,70,1.0000,2,184.00,0.129719
503,128,0.3,89,2,70,1.0000,3,183.00,0.264765
504,128,0.3,89,2,70,1.0000,4,188.00,0.322922
505,128,0.3,89,2,70,1.0000,5,181.00,0.280584
506,128,0.3,89,2,70,1.0000,6,187.00,0.342502
507,128,0.3,89,2,70,1.0000,7,175.00,0.159089
508,128,0.3,89,2,70,1.0000,8,182.00,0.163083
509,128,0.3,89,2,70,1.0000,9,190.00,0.689249
510,128,0.3,89,2,70,1.0000,10,188.00,0.400779
511,128,0.3,89,2,70,1.0000,11,183.00,0.044469
512,128,0.3,89,2,70,1.0000,12,186.00,0.086777
513,128,0.3,89,2,70,1.0000,13,181.00,0.301972
514,128,0.3,89,2,70,1.0000,14,187.00,0.093719
515,128,0.3,89,2,70,1.0000,15,12.00,0.129159
516,128,0.3,89,2,70,1.0000,16,125.00,0.514168
517,128,0.3,89,2,70,1.0000,17,182.00,0.382399
518,128,0.3,89,2,70,1.0000,18,93.00,0.262014
519,128,0.3,89,2,70,1.0000,19,5.00,0.401913
520,128,0.3,89,2,70,1.0000,20,184.00,0.123531
521,128,0.3,89,2,70,1.0000,21,180.00,0.224004
522,128,0.3,89,2,70,1.0000,22,180.00,0.063424
523,128,0.3,89,2,70,1.0000,23,190.00,0.398160
524,128,0.3,89,2,70,1.0000,24,199.00,1.135877
525,128,0.3,89,2,70,1.0000,25,178.00,0.148826
526,128,0.3,89,2,70,1.0000,26,189.00,0.064730
527,128,0.3,89,2,70,1.0000,27,185.00,0.032680
528,128,0.3,89,2,70,1.0000,28,194.00,0.904060
529,128,0.3,89,2,70,1.0000,29,196.00,0.129044
530,128,0.3,89,2,70,1.0000,30,193.00,0.221848
531,128,0.3,89,2,70,1.0000,31,180.00,0.129175
532,128,0.3,89,2,70,1.0000,32,188.00,0.096328
533,128,0.3,89,2,70,1.0000,33,179.00,0.261395
534,128,0.3,89,2,70,1.0000,34,189.00,0.649765
535,128,0.3,89,2,70,1.0000,35,180.00,0.094758
536,128,0.3,89,2,70,1.0000,36,171.00,0.105566
537,128,0.3,89,2,70,1.0000,37,189.00,0.470564
538,128,0.3,89,2,70,1.0000,38,187.00,0.127286
539,128,0.3,89,2,70,1.0000,39,188.00,0.441414
540,128,0.3,89,2,70,1.0000,40,183.00,0.178252
541,128,0.3,89,2,70,1.0000,41,195.00,0.128572
542,128,0.3,89,2,70,1.0000,42,191.00,0.376992
543,128,0.3,89,2,70,1.0000,43,193.00,0.072496
544,128,0.3,89,2,70,1.0000,44,193.00,0.228775
545,128,0.3,89,2,70,1.0000,45,195.00,0.101858
546,128,0.3,89,2,70,1.0000,46,188.00,0.089659
547,128,0.3,89,2,70,1.0000,47,180.00,0.017664
548,128,0.3,89,2,70,1.0000,48,193.00,0.586743
549,128,0.3,89,2,70,1.0000,49,203.00,0.086907
550,128,0.3,89,2,70,1.0000,50,191.00,0.336988
551,128,0.3,89,2,70,1.0000,51,189.00,0.127698
552,128,0.3,89,2,70,1.0000,52,198.00,0.111262
553,128,0.3,89,2,70,1.0000,53,190.00,0.415368
554,128,0.3,89,2,70,1.0000,54,198.00,0.391025
555,128,0.3,89,2,70,1.0000,55,179.00,0.311022
556,128,0.3,89,2,70,1.0000,56,186.00,0.365142
557,128,0.3,89,2,70,1.0000,57,192.00,0.559891
558,128,0.3,89,2,70,1.0000,58,190.00,0.091482
559,128,0.3,89,2,70,1.0000,59,165.00,0.119934
560,128,0.3,89,2,70,1.0000,60,191.00,0.191552
561,128,0.3,89,2,70,1.0000,61,193.00,0.243621
562,128,0.3,89,2,70,1.0000,62,198.00,0.495037
563,128,0.3,89,2,70,1.0000,63,199.00,0.256554
564,128,0.3,89,2,70,1.0000,64,190.00,0.390013
565,128,0.3,89,2,70,1.0000,65,193.00,0.583587
566,128,0.3,89,2,70,1.0000,66,186.00,0.304360
567,128,0.3,89,2,70,1.0000,67,190.00,0.125893
568,128,0.3,89,2,70,1.0000,68,189.00,0.639499
569,128,0.3,89,2,70,1.0000,69,197.00,0.514166
570,128,0.3,89,2,70,1.0000,70,120.00,0.427253
571,128,0.3,89,2,70,1.0000,71,198.00,0.078519
572,128,0.3,89,2,70,1.0000,72,46.00,0.282198
573,128,0.3,89,2,70,1.0000,73,132.00,0.245717
574,128,0.3,89,2,70,1.0000,74,64.00,0.175234
575,128,0.3,89,2,70,1.0000,75,188.00,0.387426
576,128,0.3,89,2,70,1.0000,76,181.00,0.183797
577,128,0.3,89,2,70,1.0000,77,180.00,0.389438
578,128,0.3,89,2,70,1.0000,78,34.00,0.338332
579,128,0.3,89,2,70,1.0000,79,198.00,0.184823
580,128,0.3,89,2,70,1.0000,80,142.00,0.261104
581,128,0.3,89,2,70,1.0000,81,179.00,0.072097
582,128,0.3,89,2,70,1.0000,82,182.00,0.260842
583,128,0.3,89,2,70,1.0000,83,57.00,0.371493
584,128,0.3,89,2,70,1.0000,84,191.00,0.392670
585,128,0.3,89,2,70,1.0000,85,183.00,0.610174
586,128,0.3,89,2,70,1.0000,86,59.00,0.422868
587,128,0.3,89,2,70,1.0000,87,190.00,0.358018
588,128,0.3,89,2,70,1.0000,88,184.00,0.103713
589,128,0.3,89,2,70,1.0000,89,181.00,0.088957
590,128,0.3,89,2,70,1.0000,90,182.00,0.188796
591,128,0.3,89,2,70,1.0000,91,189.00,0.024190
592,128,0.3,89,2,70,1.0000,92,159.00,0.333843
593,128,0.3,89,2,70,1.0000,93,195.00,0.548266
594,128,0.3,89,2,70,1.0000,94,188.00,0.251386
595,128,0.3,89,2,70,1.0000,95,176.00,0.185211
596,128,0.3,89,2,70,1.0000,96,185.00,0.136446
597,128,0.3,89,2,70,1.0000,97,194.00,0.194444
598,128,0.3,89,2,70,1.0000,98,189.00,0.332628
599,128,0.3,89,2,70,1.0000,99,196.00,0.836565
600,256,0.3,179,2,70,1.0000,0,355.00,0.268597
601,256,0.3,179,2,70,1.0000,1,359.00,0.070706
602,256,0.3,179,2,70,1.0000,2,354.00,0.134149
603,256,0.3,179,2,70,1.0000,3,366.00,0.156830
604,256,0.3,179,2,70,1.0000,4,361.00,0.248859
605,256,0.3,179,2,70,1.0000,5,367.00,0.328311
606,256,0.3,179,2,70,1.0000,6,352.00,0.215943
607,256,0.3,179,2,70,1.0000,7,350.00,0.240647
608,256,0.3,179,2,70,1.0000,8,339.00,0.200825
609,256,0.3,179,2,70,1.0000,9,366.00,0.318096
610,256,0.3,179,2,70,1.0000,10,342.00,0.307444
611,256,0.3,179,2,70,1.0000,11,351.00,0.074700
612,256,0.3,179,2,70,1.0000,12,348.00,0.269919
613,256,0.3,179,2,70,1.0000,13,355.00,0.144988
614,256,0.3,179,2,70,1.0000,14,361.00,0.276227
615,256,0.3,179,2,70,1.0000,15,365.00,0.214845
616,256,0.3,179,2,70,1.0000,16,356.00,0.702919
617,256,0.3,179,2,70,1.0000,17,352.00,0.118231
618,256,0.3,179,2,70,1.0000,18,367.00,0.405315
619,256,0.3,179,2,70,1.0000,19,356.00,0.189573
620,256,0.3,179,2,70,1.0000,20,352.00,0.461626
621,256,0.3,179,2,70,1.0000,21,337.00,0.290552
622,256,0.3,179,2,70,1.0000,22,45.00,0.339819
623,256,0.3,179,2,70,1.0000,23,369.00,0.090115
624,256,0.3,179,2,70,1.0000,24,340.00,0.110299
625,256,0.3,179,2,70,1.0000,25,357.00,0.074123
626,256,0.3,179,2,70,1.0000,26,100.00,0.212942
627,256,0.3,179,2,70,1.0000,27,341.00,0.195836
628,256,0.3,179,2,70,1.0000,28,372.00,0.106125
629,256,0.3,179,2,70,1.0000,29,343.00,0.005761
630,256,0.3,179,2,70,1.0000,30,373.00,0.306701
631,256,0.3,179,2,70,1.0000,31,347.00,0.268307
632,256,0.3,179,2,70,1.0000,32,364.00,0.197778
633,256,0.3,179,2,70,1.0000,33,353.00,0.032603
634,256,0.3,179,2,70,1.0000,34,337.00,0.125334
635,256,0.3,179,2,70,1.0000,35,340.00,0.286032
636,256,0.3,179,2,70,1.0000,36,353.00,0.169556
637,256,0.3,179,2,70,1.0000,37,343.00,0.110467
638,256,0.3,179,2,70,1.0000,38,354.00,0.108530
639,256,0.3,179,2,70,1.0000,39,350.00,0.077037
640,256,0.3,179,2,70,1.0000,40,19.00,0.429095
641,256,0.3,179,2,70,1.0000,41,358.00,0.085356
642,256,0.3,179,2,70,1.0000,42,347.00,0.231275
643,256,0.3,179,2,70,1.0000,43,340.00,0.261681
644,256,0.3,179,2,70,1.0000,44,346.00,0.301777
645,256,0.3,179,2,70,1.0000,45,364.00,0.147884
646,256,0.3,179,2,70,1.0000,46,354.00,0.148297
647,256,0.3,179,2,70,1.0000,47,355.00,0.176926
648,256,0.3,179,2,70,1.0000,48,362.00,0.316432
649,256,0.3,179,2,70,1.0000,49,359.00,0.301188
650,256,0.3,179,2,70,1.0000,50,364.00,0.036346
651,256,0.3,179,2,70,1.0000,51,356.00,0.277514
652,256,0.3,179,2,70,1.0000,52,355.00,0.058057
653,256,0.3,179,2,70,1.0000,53,347.00,0.259508
654,256,0.3,179,2,70,1.0000,54,347.00,0.288065
655,256,0.3,179,2,70,1.0000,55,353.00,0.498883
656,256,0.3,179,2,70,1.0000,56,342.00,0.158418
657,256,0.3,179,2,70,1.0000,57,344.00,0.179412
658,256,0.3,179,2,70,1.0000,58,342.00,0.221853
659,256,0.3,179,2,70,1.0000,59,351.00,0.259095
660,256,0.3,179,2,70,1.0000,60,362.00,0.117908
661,256,0.3,179,2,70,1.0000,61,351.00,0.119802
662,256,0.3,179,2,70,1.0000,62,350.00,0.226186
663,256,0.3,179,2,70,1.0000,63,365.00,0.140572
664,256,0.3,179,2,70,1.0000,64,360.00,0.315983
665,256,0.3,179,2,70,1.0000,65,349.00,0.093075
666,256,0.3,179,2,70,1.0000,66,362.00,0.048865
667,256,0.3,179,2,70,1.0000,67,360.00,0.054510
668,256,0.3,179,2,70,1.0000,68,358.00,0.266775
669,256,0.3,179,2,70,1.0000,69,342.00,0.144324
670,256,0.3,179,2,70,1.0000,70,358.00,0.233880
671,256,0.3,179,2,70,1.0000,71,357.00,0.087593
672,256,0.3,179,2,70,1.0000,72,359.00,0.259673
673,256,0.3,179,2,70,1.0000,73,353.00,0.175881
674,256,0.3,179,2,70,1.0000,74,349.00,0.102321
675,256,0.3,179,2,70,1.0000,75,357.00,0.034816
676,256,0.3,179,2,70,1.0000,76,308.00,0.308665
677,256,0.3,179,2,70,1.0000,77,358.00,0.128655
678,256,0.3,179,2,70,1.0000,78,371.00,0.312706
679,256,0.3,179,2,70,1.0000,79,374.00,0.216743
680,256,0.3,179,2,70,1.0000,80,361.00,0.027738
681,256,0.3,179,2,70,1.0000,81,363.00,0.248786
682,256,0.3,179,2,70,1.0000,82,335.00,0.100622
683,256,0.3,179,2,70,1.0000,83,366.00,0.289850
684,256,0.3,179,2,70,1.0000,84,344.00,0.260795
685,256,0.3,179,2,70,1.0000,85,180.00,0.131484
686,256,0.3,179,2,70,1.0000,86,364.00,0.281906
687,256,0.3,179,2,70,1.0000,87,364.00,0.210229
688,256,0.3,179,2,70,1.0000,88,357.00,0.158187
689,256,0.3,179,2,70,1.0000,89,363.00,0.187744
690,256,0.3,179,2,70,1.0000,90,361.00,0.164695
691,256,0.3,179,2,70,1.0000,91,349.00,0.101516
692,256,0.3,179,2,70,1.0000,92,348.00,0.049013
693,256,0.3,179,2,70,1.0000,93,351.00,0.278583
694,256,0.3,179,2,70,1.0000,94,356.00,0.235177
695,256,0.3,179,2,70,1.0000,95,346.00,0.152397
696,256,0.3,179,2,70,1.0000,96,338.00,0.052829
697,256,0.3,179,2,70,1.0000,97,359.00,0.549389
698,256,0.3,179,2,70,1.0000,98,342.00,0.149939
699,256,0.3,179,2,70,1.0000,99,364.00,0.086308
700,512,0.3,358,2,70,1.0000,0,707.00,0.220257
701,512,0.3,358,2,70,1.0000,1,715.00,0.271815
702,512,0.3,358,2,70,1.0000,2,667.00,0.175443
703,512,0.3,358,2,70,1.0000,3,714.00,0.089488
704,512,0.3,358,2,70,1.0000,4,684.00,0.152217
705,512,0.3,358,2,70,1.0000,5,669.00,0.119689
706,512,0.3,358,2,70,1.0000,6,679.00,0.057142
707,512,0.3,358,2,70,1.0000,7,680.00,0.196629
708,512,0.3,358,2,70,1.0000,8,676.00,0.017672
709,512,0.3,358,2,70,1.0000,9,668.00,0.093002
710,512,0.3,358,2,70,1.0000,10,714.00,0.262212
711,512,0.3,358,2,70,1.0000,11,722.00,0.154062
712,512,0.3,358,2,70,1.0000,12,692.00,0.300142
713,512,0.3,358,2,70,1.0000,13,703.00,0.350705
714,512,0.3,358,2,70,1.0000,14,683.00,0.134864
715,512,0.3,358,2,70,1.0000,15,682.00,0.019116
716,512,0.3,358,2,70,1.0000,16,698.00,0.067232
717,512,0.3,358,2,70,1.0000,17,715.00,0.232026
718,512,0.3,358,2,70,1.0000,18,663.00,0.097738
719,512,0.3,358,2,70,1.0000,19,669.00,0.057251
720,512,0.3,358,2,70,1.0000,20,688.00,0.071392
721,512,0.3,358,2,70,1.0000,21,706.00,0.038862
722,512,0.3,358,2,70,1.0000,22,679.00,0.150970
723,512,0.3,358,2,70,1.0000,23,682.00,0.118010
724,512,0.3,358,2,70,1.0000,24,687.00,0.293263
725,512,0.3,358,2,70,1.0000,25,667.00,0.107757
726,512,0.3,358,2,70,1.0000,26,671.00,0.024570
727,512,0.3,358,2,70,1.0000,27,676.00,0.056138
728,512,0.3,358,2,70,1.0000,28,660.00,0.220628
729,512,0.3,358,2,70,1.0000,29,700.00,0.138262
730,512,0.3,358,2,70,1.0000,30,679.00,0.194116
731,512,0.3,358,2,70,1.0000,31,679.00,0.267515
732,512,0.3,358,2,70,1.0000,32,682.00,0.240519
733,512,0.3,358,2,70,1.0000,33,664.00,0.106452
734,512,0.3,358,2,70,1.0000,34,683.00,0.162855
735,512,0.3,358,2,70,1.0000,35,661.00,0.100096
736,512,0.3,358,2,70,1.0000,36,679.00,0.118879
737,512,0.3,358,2,70,1.0000,37,674.00,0.125514
738,512,0.3,358,2,70,1.0000,38,685.00,0.220878
739,512,0.3,358,2,70,1.0000,39,687.00,0.032339
740,512,0.3,358,2,70,1.0000,40,676.00,0.073119
741,512,0.3,358,2,70,1.0000,41,702.00,0.221463
742,512,0.3,358,2,70,1.0000,42,710.00,0.628019
743,512,0.3,358,2,70,1.0000,43,701.00,0.213575
744,512,0.3,358,2,70,1.0000,44,692.00,0.100669
745,512,0.3,358,2,70,1.0000,45,697.00,0.195828
746,512,0.3,358,2,70,1.0000,46,673.00,0.080291
747,512,0.3,358,2,70,1.0000,47,697.00,0.041110
748,512,0.3,358,2,70,1.0000,48,665.00,0.214438
749,512,0.3,358,2,70,1.0000,49,709.00,0.219360
750,512,0.3,358,2,70,1.0000,50,698.00,0.065099
751,512,0.3,358,2,70,1.0000,51,661.00,0.204882
752,512,0.3,358,2,70,1.0000,52,669.00,0.126344
753,512,0.3,358,2,70,1.0000,53,657.00,0.588403
754,512,0.3,358,2,70,1.0000,54,656.00,0.090708
755,512,0.3,358,2,70,1.0000,55,660.00,0.237203
756,512,0.3,358,2,70,1.0000,56,668.00,0.177049
757,512,0.3,358,2,70,1.0000,57,659.00,0.238483
758,512,0.3,358,2,70,1.0000,58,684.00,0.133281
759,512,0.3,358,2,70,1.0000,59,677.00,0.127783
760,512,0.3,358,2,70,1.0000,60,671.00,0.271973
761,512,0.3,358,2,70,1.0000,61,649.00,0.049192
762,512,0.3,358,2,70,1.0000,62,664.00,0.052324
763,512,0.3,358,2,70,1.0000,63,667.00,0.264083
764,512,0.3,358,2,70,1.0000,64,668.00,0.101645
765,512,0.3,358,2,70,1.0000,65,682.00,0.080606
766,512,0.3,358,2,70,1.0000,66,689.00,0.344065
767,512,0.3,358,2,70,1.0000,67,670.00,0.153335
768,512,0.3,358,2,70,1.0000,68,673.00,0.119422
769,512,0.3,358,2,70,1.0000,69,689.00,0.175208
770,512,0.3,358,2,70,1.0000,70,679.00,0.048173
771,512,0.3,358,2,70,1.0000,71,696.00,0.128839
772,512,0.3,358,2,70,1.0000,72,695.00,0.117086
773,512,0.3,358,2,70,1.0000,73,700.00,0.224892
774,512,0.3,358,2,70,1.0000,74,643.00,0.077821
775,512,0.3,358,2,70,1.0000,75,658.00,0.051514
776,512,0.3,358,2,70,1.0000,76,678.00,0.057433
777,512,0.3,358,2,70,1.0000,77,651.00,0.433720
778,512,0.3,358,2,70,1.0000,78,662.00,0.041402
779,512,0.3,358,2,70,1.0000,79,690.00,0.366849
780,512,0.3,358,2,70,1.0000,80,672.00,0.102785
781,512,0.3,358,2,70,1.0000,81,661.00,0.028846
782,512,0.3,358,2,70,1.0000,82,683.00,0.228876
783,512,0.3,358,2,70,1.0000,83,664.00,0.102823
784,512,0.3,358,2,70,1.0000,84,706.00,0.072135
785,512,0.3,358,2,70,1.0000,85,726.00,0.229266
786,512,0.3,358,2,70,1.0000,86,690.00,0.384782
787,512,0.3,358,2,70,1.0000,87,686.00,0.068903
788,512,0.3,358,2,70,1.0000,88,658.00,0.231522
789,512,0.3,358,2,70,1.0000,89,681.00,0.157901
790,512,0.3,358,2,70,1.0000,90,662.00,0.184427
791,512,0.3,358,2,70,1.0000,91,660.00,0.215128
792,512,0.3,358,2,70,1.0000,92,691.00,0.074877
793,512,0.3,358,2,70,1.0000,93,698.00,0.176353
794,512,0.3,358,2,70,1.0000,94,695.00,0.199186
795,512,0.3,358,2,70,1.0000,95,685.00,0.092640
796,512,0.3,358,2,70,1.0000,96,647.00,0.215052
797,512,0.3,358,2,70,1.0000,97,682.00,0.074343
798,512,0.3,358,2,70,1.0000,98,672.00,0.066659
799,512,0.3,358,2,70,1.0000,99,654.00,0.121498
800,1024,0.3,716,2,70,1.0000,0,1286.00,0.068750
801,1024,0.3,716,2,70,1.0000,1,1334.00,0.070459
802,1024,0.3,716,2,70,1.0000,2,1357.00,0.081532
803,1024,0.3,716,2,70,1.0000,3,1295.00,0.282965
804,1024,0.3,716,2,70,1.0000,4,1324.00,0.155136
805,1024,0.3,716,2,70,1.0000,5,1329.00,0.197416
806,1024,0.3,716,2,70,1.0000,6,1376.00,0.138062
807,1024,0.3,716,2,70,1.0000,7,1292.00,0.073587
808,1024,0.3,716,2,70,1.0000,8,1359.00,0.086046
809,1024,0.3,716,2,70,1.0000,9,1349.00,0.082982
810,1024,0.3,716,2,70,1.0000,10,1372.00,0.215361
811,1024,0.3,716,2,70,1.0000,11,1305.00,0.315341
812,1024,0.3,716,2,70,1.0000,12,1352.00,0.211211
813,1024,0.3,716,2,70,1.0000,13,1347.00,0.091764
814,1024,0.3,716,2,70,1.0000,14,1292.00,0.060491
815,1024,0.3,716,2,70,1.0000,15,1335.00,0.203542
816,1024,0.3,716,2,70,1.0000,16,1341.00,0.153687
817,1024,0.3,716,2,70,1.0000,17,1298.00,0.095310
818,1024,0.3,716,2,70,1.0000,18,1339.00,0.271386
819,1024,0.3,716,2,70,1.0000,19,1332.00,0.165933
820,1024,0.3,716,2,70,1.0000,20,1297.00,0.162670
821,1024,0.3,716,2,70,1.0000,21,1299.00,0.311402
822,1024,0.3,716,2,70,1.0000,22,1316.00,0.038496
823,1024,0.3,716,2,70,1.0000,23,1352.00,0.170050
824,1024,0.3,716,2,70,1.0000,24,1326.00,0.053982
825,1024,0.3,716,2,70,1.0000,25,1356.00,0.020735
826,1024,0.3,716,2,70,1.0000,26,1291.00,0.101437
827,1024,0.3,716,2,70,1.0000,27,1408.00,0.044328
828,1024,0.3,716,2,70,1.0000,28,1384.00,0.252820
829,1024,0.3,716,2,70,1.0000,29,1375.00,0.173477
830,1024,0.3,716,2,70,1.0000,30,1314.00,0.129349
831,1024,0.3,716,2,70,1.0000,31,1343.00,0.105509
832,1024,0.3,716,2,70,1.0000,32,1269.00,0.156372
833,1024,0.3,716,2,70,1.0000,33,1339.00,0.192509
834,1024,0.3,716,2,70,1.0000,34,1330.00,0.117216
835,1024,0.3,716,2,70,1.0000,35,1322.00,0.109206
836,1024,0.3,716,2,70,1.0000,36,1304.00,0.288323
837,1024,0.3,716,2,70,1.0000,37,1367.00,0.260548
838,1024,0.3,716,2,70,1.0000,38,1282.00,0.221142
839,1024,0.3,716,2,70,1.0000,39,1329.00,0.199394
840,1024,0.3,716,2,70,1.0000,40,1320.00,0.115379
841,1024,0.3,716,2,70,1.0000,41,1224.00,0.191464
842,1024,0.3,716,2,70,1.0000,42,1353.00,0.215636
843,1024,0.3,716,2,70,1.0000,43,1302.00,0.056385
844,1024,0.3,716,2,70,1.0000,44,1303.00,0.282422
845,1024,0.3,716,2,70,1.0000,45,1270.00,0.062857
846,1024,0.3,716,2,70,1.0000,46,1355.00,0.100084
847,1024,0.3,716,2,70,1.0000,47,1259.00,0.185765
848,1024,0.3,716,2,70,1.0000,48,1325.00,0.020291
849,1024,0.3,716,2,70,1.0000,49,1338.00,0.212430
850,1024,0.3,716,2,70,1.0000,50,1277.00,0.094785
851,1024,0.3,716,2,70,1.0000,51,1289.00,0.021686
852,1024,0.3,716,2,70,1.0000,52,1286.00,0.070829
853,1024,0.3,716,2,70,1.0000,53,1332.00,0.039193
854,1024,0.3,716,2,70,1.0000,54,1305.00,0.135230
855,1024,0.3,716,2,70,1.0000,55,1355.00,0.048994
856,1024,0.3,716,2,70,1.0000,56,1289.00,0.050464
857,1024,0.3,716,2,70,1.0000,57,1338.00,0.075110
858,1024,0.3,716,2,70,1.0000,58,1325.00,0.118925
859,1024,0.3,716,2,70,1.0000,59,1262.00,0.193957
860,1024,0.3,716,2,70,1.0000,60,1251.00,0.141478
861,1024,0.3,716,2,70,1.0000,61,1305.00,0.269754
862,1024,0.3,716,2,70,1.0000,62,1288.00,0.059181
863,1024,0.3,716,2,70,1.0000,63,1352.00,0.336046
864,1024,0.3,716,2,70,1.0000,64,1287.00,0.112381
865,1024,0.3,716,2,70,1.0000,65,1321.00,0.104696
866,1024,0.3,716,2,70,1.0000,66,1278.00,0.223820
867,1024,0.3,716,2,70,1.0000,67,1306.00,0.172222
868,1024,0.3,716,2,70,1.0000,68,1383.00,0.125583
869,1024,0.3,716,2,70,1.0000,69,1296.00,0.027419
870,1024,0.3,716,2,70,1.0000,70,1277.00,0.008672
871,1024,0.3,716,2,70,1.0000,71,1278.00,0.141111
872,1024,0.3,716,2,70,1.0000,72,1226.00,0.050956
873,1024,0.3,716,2,70,1.0000,73,1283.00,0.165768
874,1024,0.3,716,2,70,1.0000,74,1328.00,0.050225
875,1024,0.3,716,2,70,1.0000,75,1263.00,0.095144
876,1024,0.3,716,2,70,1.0000,76,1282.00,0.194854
877,1024,0.3,716,2,70,1.0000,77,1303.00,0.086593
878,1024,0.3,716,2,70,1.0000,78,1317.00,0.090687
879,1024,0.3,716,2,70,1.0000,79,1402.00,0.178536
880,1024,0.3,716,2,70,1.0000,80,1295.00,0.071127
881,1024,0.3,716,2,70,1.0000,81,1350.00,0.045498
882,1024,0.3,716,2,70,1.0000,82,1332.00,0.166180
883,1024,0.3,716,2,70,1.0000,83,1284.00,0.088847
884,1024,0.3,716,2,70,1.0000,84,1305.00,0.016946
885,1024,0.3,716,2,70,1.0000,85,1318.00,0.089690
886,1024,0.3,716,2,70,1.0000,86,1310.00,0.198577
887,1024,0.3,716,2,70,1.0000,87,1320.00,0.373573
888,1024,0.3,716,2,70,1.0000,88,1418.00,0.256555
889,1024,0.3,716,2,70,1.0000,89,1305.00,0.234497
890,1024,0.3,716,2,70,1.0000,90,1304.00,0.022265
891,1024,0.3,716,2,70,1.0000,91,1344.00,0.131813
892,1024,0.3,716,2,70,1.0000,92,1285.00,0.102424
893,1024,0.3,716,2,70,1.0000,93,1311.00,0.103125
894,1024,0.3,716,2,70,1.0000,94,1354.00,0.120389
895,1024,0.3,716,2,70,1.0000,95,1334.00,0.159666
896,1024,0.3,716,2,70,1.0000,96,1348.00,0.318425
897,1024,0.3,716,2,70,1.0000,97,1314.00,0.170530
898,1024,0.3,716,2,70,1.0000,98,1297.00,0.248898
899,1024,0.3,716,2,70,1.0000,99,1334.00,0.239254
900,2048,0.3,1433,2,70,1.0000,0,2634.00,0.136237
901,2048,0.3,1433,2,70,1.0000,1,2550.00,0.056065
902,2048,0.3,1433,2,70,1.0000,2,2764.00,0.118651
903,2048,0.3,1433,2,70,1.0000,3,2665.00,0.171911
904,2048,0.3,1433,2,70,1.0000,4,2694.00,0.168679
905,2048,0.3,1433,2,70,1.0000,5,2537.00,0.082797
906,2048,0.3,1433,2,70,1.0000,6,2644.00,0.060006
907,2048,0.3,1433,2,70,1.0000,7,2567.00,0.188561
908,2048,0.3,1433,2,70,1.0000,8,2553.00,0.182666
909,2048,0.3,1433,2,70,1.0000,9,2677.00,0.087413
910,2048,0.3,1433,2,70,1.0000,10,2669.00,0.143648
911,2048,0.3,1433,2,70,1.0000,11,2673.00,0.034927
912,2048,0.3,1433,2,70,1.0000,12,2544.00,0.067884
913,2048,0.3,1433,2,70,1.0000,13,2520.00,0.232269
914,2048,0.3,1433,2,70,1.0000,14,2588.00,0.023916
915,2048,0.3,1433,2,70,1.0000,15,2587.00,0.054642
916,2048,0.3,1433,2,70,1.0000,16,2623.00,0.119504
917,2048,0.3,1433,2,70,1.0000,17,2600.00,0.029244
918,2048,0.3,1433,2,70,1.0000,18,2708.00,0.073339
919,2048,0.3,1433,2,70,1.0000,19,2714.00,0.127826
920,2048,0.3,1433,2,70,1.0000,20,2631.00,0.020454
921,2048,0.3,1433,2,70,1.0000,21,2696.00,0.058530
922,2048,0.3,1433,2,70,1.0000,22,2727.00,0.175798
923,2048,0.3,1433,2,70,1.0000,23,2644.00,0.063011
924,2048,0.3,1433,2,70,1.0000,24,2718.00,0.117543
925,2048,0.3,1433,2,70,1.0000,25,2581.00,0.005205
926,2048,0.3,1433,2,70,1.0000,26,2595.00,0.056172
927,2048,0.3,1433,2,70,1.0000,27,2692.00,0.306830
928,2048,0.3,1433,2,70,1.0000,28,2711.00,0.034015
929,2048,0.3,1433,2,70,1.0000,29,2688.00,0.087894
930,2048,0.3,1433,2,70,1.0000,30,2725.00,0.041843
931,2048,0.3,1433,2,70,1.0000,31,2698.00,0.174331
932,2048,0.3,1433,2,70,1.0000,32,2832.00,0.022681
933,2048,0.3,1433,2,70,1.0000,33,2642.00,0.062566
934,2048,0.3,1433,2,70,1.0000,34,2497.00,0.124317
935,2048,0.3,1433,2,70,1.0000,35,2678.00,0.099334
936,2048,0.3,1433,2,70,1.0000,36,2605.00,0.046454
937,2048,0.3,1433,2,70,1.0000,37,2649.00,0.170488
938,2048,0.3,1433,2,70,1.0000,38,2623.00,0.100255
939,2048,0.3,1433,2,70,1.0000,39,2699.00,0.105916
940,2048,0.3,1433,2,70,1.0000,40,2686.00,0.117250
941,2048,0.3,1433,2,70,1.0000,41,2750.00,0.148101
942,2048,0.3,1433,2,70,1.0000,42,2730.00,0.153570
943,2048,0.3,1433,2,70,1.0000,43,2627.00,0.086004
944,2048,0.3,1433,2,70,1.0000,44,2708.00,0.044354
945,2048,0.3,1433,2,70,1.0000,45,2762.00,0.062285
946,2048,0.3,1433,2,70,1.0000,46,2580.00,0.166758
947,2048,0.3,1433,2,70,1.0000,47,2507.00,0.055309
948,2048,0.3,1433,2,70,1.0000,48,2743.00,0.098907
949,2048,0.3,1433,2,70,1.0000,49,2667.00,0.026957
950,2048,0.3,1433,2,70,1.0000,50,2601.00,0.025041
951,2048,0.3,1433,2,70,1.0000,51,2641.00,0.324087
952,2048,0.3,1433,2,70,1.0000,52,2731.00,0.093340
953,2048,0.3,1433,2,70,1.0000,53,2799.00,0.058274
954,2048,0.3,1433,2,70,1.0000,54,2602.00,0.059950
955,2048,0.3,1433,2,70,1.0000,55,2669.00,0.009763
956,2048,0.3,1433,2,70,1.0000,56,2575.00,0.306126
957,2048,0.3,1433,2,70,1.0000,57,2591.00,0.081829
958,2048,0.3,1433,2,70,1.0000,58,2598.00,0.111436
959,2048,0.3,1433,2,70,1.0000,59,2584.00,0.092090
960,2048,0.3,1433,2,70,1.0000,60,2727.00,0.090538
961,2048,0.3,1433,2,70,1.0000,61,2591.00,0.093494
962,2048,0.3,1433,2,70,1.0000,62,2499.00,0.066054
963,2048,0.3,1433,2,70,1.0000,63,2720.00,0.059716
964,2048,0.3,1433,2,70,1.0000,64,2616.00,0.071120
965,2048,0.3,1433,2,70,1.0000,65,2591.00,0.063401
966,2048,0.3,1433,2,70,1.0000,66,2671.00,0.134781
967,2048,0.3,1433,2,70,1.0000,67,2606.00,0.133356
968,2048,0.3,1433,2,70,1.0000,68,2718.00,0.099135
969,2048,0.3,1433,2,70,1.0000,69,2689.00,0.010744
970,2048,0.3,1433,2,70,1.0000,70,2595.00,0.059069
971,2048,0.3,1433,2,70,1.0000,71,2784.00,0.107831
972,2048,0.3,1433,2,70,1.0000,72,2629.00,0.100250
973,2048,0.3,1433,2,70,1.0000,73,2658.00,0.026431
974,2048,0.3,1433,2,70,1.0000,74,2665.00,0.030366
975,2048,0.3,1433,2,70,1.0000,75,2707.00,0.047926
976,2048,0.3,1433,2,70,1.0000,76,2630.00,0.140857
977,2048,0.3,1433,2,70,1.0000,77,2685.00,0.151797
978,2048,0.3,1433,2,70,1.0000,78,2612.00,0.084478
979,2048,0.3,1433,2,70,1.0000,79,2682.00,0.041183
980,2048,0.3,1433,2,70,1.0000,80,2710.00,0.172394
981,2048,0.3,1433,2,70,1.0000,81,2589.00,0.074390
982,2048,0.3,1433,2,70,1.0000,82,2624.00,0.076348
983,2048,0.3,1433,2,70,1.0000,83,2595.00,0.027617
984,2048,0.3,1433,2,70,1.0000,84,2606.00,0.156141
985,2048,0.3,1433,2,70,1.0000,85,2662.00,0.112360
986,2048,0.3,1433,2,70,1.0000,86,2642.00,0.068459
987,2048,0.3,1433,2,70,1.0000,87,2694.00,0.086366
988,2048,0.3,1433,2,70,1.0000,88,2580.00,0.071554
989,2048,0.3,1433,2,70,1.0000,89,2684.00,0.030501
990,2048,0.3,1433,2,70,1.0000,90,2650.00,0.073520
991,2048,0.3,1433,2,70,1.0000,91,2685.00,0.110349
992,2048,0.3,1433,2,70,1.0000,92,2685.00,0.077822
993,2048,0.3,1433,2,70,1.0000,93,2584.00,0.229022
994,2048,0.3,1433,2,70,1.0000,94,2642.00,0.229214
995,2048,0.3,1433,2,70,1.0000,95,2782.00,0.185261
996,2048,0.3,1433,2,70,1.0000,96,2692.00,0.045463
997,2048,0.3,1433,2,70,1.0000,97,2717.00,0.167963
998,2048,0.3,1433,2,70,1.0000,98,2691.00,0.054136
999,2048,0.3,1433,2,70,1.0000,99,2628.00,0.173203
1000,4096,0.3,2867,2,70,1.0000,0,5120.00,0.055361
1001,4096,0.3,2867,2,70,1.0000,1,5145.00,0.030165
1002,4096,0.3,2867,2,70,1.0000,2,5350.00,0.060588
1003,4096,0.3,2867,2,70,1.0000,3,5293.00,0.043888
1004,4096,0.3,2867,2,70,1.0000,4,5277.00,0.141210
1005,4096,0.3,2867,2,70,1.0000,5,5345.00,0.268215
1006,4096,0.3,2867,2,70,1.0000,6,5104.00,0.090431
1007,4096,0.3,2867,2,70,1.0000,7,5170.00,0.075261
1008,4096,0.3,2867,2,70,1.0000,8,5209.00,0.172274
1009,4096,0.3,2867,2,70,1.0000,9,5308.00,0.051048
1010,4096,0.3,2867,2,70,1.0000,10,5288.00,0.016530
1011,4096,0.3,2867,2,70,1.0000,11,5061.00,0.142734
1012,4096,0.3,2867,2,70,1.0000,12,5054.00,0.028193
1013,4096,0.3,2867,2,70,1.0000,13,5343.00,0.055374
1014,4096,0.3,2867,2,70,1.0000,14,5247.00,0.094501
1015,4096,0.3,2867,2,70,1.0000,15,4872.00,0.112042
1016,4096,0.3,2867,2,70,1.0000,16,4998.00,0.323790
1017,4096,0.3,2867,2,70,1.0000,17,5116.00,0.096257
1018,4096,0.3,2867,2,70,1.0000,18,5361.00,0.033708
1019,4096,0.3,2867,2,70,1.0000,19,5280.00,0.015852
1020,4096,0.3,2867,2,70,1.0000,20,5341.00,0.050832
1021,4096,0.3,2867,2,70,1.0000,21,5170.00,0.153900
1022,4096,0.3,2867,2,70,1.0000,22,5019.00,0.165980
1023,4096,0.3,2867,2,70,1.0000,23,5389.00,0.047135
1024,4096,0.3,2867,2,70,1.0000,24,5092.00,0.212298
1025,4096,0.3,2867,2,70,1.0000,25,5359.00,0.160599
1026,4096,0.3,2867,2,70,1.0000,26,5256.00,0.112759
1027,4096,0.3,2867,2,70,1.0000,27,5108.00,0.181232
1028,4096,0.3,2867,2,70,1.0000,28,5167.00,0.188358
1029,4096,0.3,2867,2,70,1.0000,29,5434.00,0.216233
1030,4096,0.3,2867,2,70,1.0000,30,5237.00,0.121522
1031,4096,0.3,2867,2,70,1.0000,31,5145.00,0.151488
1032,4096,0.3,2867,2,70,1.0000,32,5125.00,0.048642
1033,4096,0.3,2867,2,70,1.0000,33,4978.00,0.163664
1034,4096,0.3,2867,2,70,1.0000,34,5053.00,0.077905
1035,4096,0.3,2867,2,70,1.0000,35,5211.00,0.058201
1036,4096,0.3,2867,2,70,1.0000,36,5162.00,0.082292
1037,4096,0.3,2867,2,70,1.0000,37,5030.00,0.017833
1038,4096,0.3,2867,2,70,1.0000,38,5191.00,0.017406
1039,4096,0.3,2867,2,70,1.0000,39,5289.00,0.172971
1040,4096,0.3,2867,2,70,1.0000,40,5181.00,0.040465
1041,4096,0.3,2867,2,70,1.0000,41,5304.00,0.114594
1042,4096,0.3,2867,2,70,1.0000,42,5370.00,0.080565
1043,4096,0.3,2867,2,70,1.0000,43,5172.00,0.040835
1044,4096,0.3,2867,2,70,1.0000,44,4905.00,0.049608
1045,4096,0.3,2867,2,70,1.0000,45,5053.00,0.116847
1046,4096,0.3,2867,2,70,1.0000,46,5127.00,0.158502
1047,4096,0.3,2867,2,70,1.0000,47,5226.00,0.144227
1048,4096,0.3,2867,2,70,1.0000,48,5149.00,0.122623
1049,4096,0.3,2867,2,70,1.0000,49,5085.00,0.014349
1050,4096,0.3,2867,2,70,1.0000,50,5170.00,0.118359
1051,4096,0.3,2867,2,70,1.0000,51,5140.00,0.072771
1052,4096,0.3,2867,2,70,1.0000,52,5058.00,0.112763
1053,4096,0.3,2867,2,70,1.0000,53,5199.00,0.055254
1054,4096,0.3,2867,2,70,1.0000,54,4970.00,0.069425
1055,4096,0.3,2867,2,70,1.0000,55,4989.00,0.020917
1056,4096,0.3,2867,2,70,1.0000,56,5394.00,0.119958
1057,4096,0.3,2867,2,70,1.0000,57,5150.00,0.013422
1058,4096,0.3,2867,2,70,1.0000,58,4992.00,0.167464
1059,4096,0.3,2867,2,70,1.0000,59,5275.00,0.045772
1060,4096,0.3,2867,2,70,1.0000,60,5002.00,0.065059
1061,4096,0.3,2867,2,70,1.0000,61,5241.00,0.179650
1062,4096,0.3,2867,2,70,1.0000,62,5271.00,0.085694
1063,4096,0.3,2867,2,70,1.0000,63,5454.00,0.159216
1064,4096,0.3,2867,2,70,1.0000,64,4971.00,0.111619
1065,4096,0.3,2867,2,70,1.0000,65,5187.00,0.052418
1066,4096,0.3,2867,2,70,1.0000,66,5312.00,0.069344
1067,4096,0.3,2867,2,70,1.0000,67,5222.00,0.222423
1068,4096,0.3,2867,2,70,1.0000,68,5160.00,0.072463
1069,4096,0.3,2867,2,70,1.0000,69,5124.00,0.040687
1070,4096,0.3,2867,2,70,1.0000,70,5270.00,0.043926
1071,4096,0.3,2867,2,70,1.0000,71,5329.00,0.157368
1072,4096,0.3,2867,2,70,1.0000,72,5558.00,0.214193
1073,4096,0.3,2867,2,70,1.0000,73,5269.00,0.148351
1074,4096,0.3,2867,2,70,1.0000,74,5403.00,0.109765
1075,4096,0.3,2867,2,70,1.0000,75,5119.00,0.027582
1076,4096,0.3,2867,2,70,1.0000,76,5186.00,0.047922
1077,4096,0.3,2867,2,70,1.0000,77,5390.00,0.024292
1078,4096,0.3,2867,2,70,1.0000,78,5164.00,0.191090
1079,4096,0.3,2867,2,70,1.0000,79,5272.00,0.107693
1080,4096,0.3,2867,2,70,1.0000,80,5356.00,0.025393
1081,4096,0.3,2867,2,70,1.0000,81,5303.00,0.049903
1082,4096,0.3,2867,2,70,1.0000,82,5193.00,0.162586
1083,4096,0.3,2867,2,70,1.0000,83,5200.00,0.082685
1084,4096,0.3,2867,2,70,1.0000,84,5316.00,0.111911
1085,4096,0.3,2867,2,70,1.0000,85,5428.00,0.077684
1086,4096,0.3,2867,2,70,1.0000,86,5488.00,0.067035
1087,4096,0.3,2867,2,70,1.0000,87,5091.00,0.191889
1088,4096,0.3,2867,2,70,1.0000,88,4855.00,0.044122
1089,4096,0.3,2867,2,70,1.0000,89,5282.00,0.113271
1090,4096,0.3,2867,2,70,1.0000,90,5207.00,0.072323
1091,4096,0.3,2867,2,70,1.0000,91,5174.00,0.009946
1092,4096,0.3,2867,2,70,1.0000,92,5006.00,0.106562
1093,4096,0.3,2867,2,70,1.0000,93,5381.00,0.047609
1094,4096,0.3,2867,2,70,1.0000,94,5072.00,0.221698
1095,4096,0.3,2867,2,70,1.0000,95,5030.00,0.165890
1096,4096,0.3,2867,2,70,1.0000,96,5243.00,0.098091
1097,4096,0.3,2867,2,70,1.0000,97,5250.00,0.106902
1098,4096,0.3,2867,2,70,1.0000,98,5137.00,0.170152
1099,4096,0.3,2867,2,70,1.0000,99,5360.00,0.165781
1100,8192,0.3,5734,2,70,1.0000,0,10251.00,0.041703
1101,8192,0.3,5734,2,70,1.0000,1,10369.00,0.038396
1102,8192,0.3,5734,2,70,1.0000,2,10801.00,0.076448
1103,8192,0.3,5734,2,70,1.0000,3,10775.00,0.100547
1104,8192,0.3,5734,2,70,1.0000,4,10384.00,0.037491
1105,8192,0.3,5734,2,70,1.0000,5,10479.00,0.089577
1106,8192,0.3,5734,2,70,1.0000,6,10614.00,0.094657
1107,8192,0.3,5734,2,70,1.0000,7,10665.00,0.107705
1108,8192,0.3,5734,2,70,1.0000,8,10667.00,0.092076
1109,8192,0.3,5734,2,70,1.0000,9,10521.00,0.010878
1110,8192,0.3,5734,2,70,1.0000,10,10460.00,0.065570
1111,8192,0.3,5734,2,70,1.0000,11,10083.00,0.103981
1112,8192,0.3,5734,2,70,1.0000,12,10885.00,0.146994
1113,8192,0.3,5734,2,70,1.0000,13,10254.00,0.036843
1114,8192,0.3,5734,2,70,1.0000,14,10524.00,0.081354
1115,8192,0.3,5734,2,70,1.0000,15,10402.00,0.094679
1116,8192,0.3,5734,2,70,1.0000,16,10623.00,0.079499
1117,8192,0.3,5734,2,70,1.0000,17,10578.00,0.075796
1118,8192,0.3,5734,2,70,1.0000,18,10618.00,0.079143
1119,8192,0.3,5734,2,70,1.0000,19,10690.00,0.077616
1120,8192,0.3,5734,2,70,1.0000,20,10582.00,0.103438
1121,8192,0.3,5734,2,70,1.0000,21,10395.00,0.084491
1122,8192,0.3,5734,2,70,1.0000,22,10476.00,0.155978
1123,8192,0.3,5734,2,70,1.0000,23,10251.00,0.056294
1124,8192,0.3,5734,2,70,1.0000,24,10477.00,0.031597
1125,8192,0.3,5734,2,70,1.0000,25,10410.00,0.139959
1126,8192,0.3,5734,2,70,1.0000,26,10631.00,0.082305
1127,8192,0.3,5734,2,70,1.0000,27,10139.00,0.008243
1128,8192,0.3,5734,2,70,1.0000,28,10344.00,0.045408
1129,8192,0.3,5734,2,70,1.0000,29,10799.00,0.070464
1130,8192,0.3,5734,2,70,1.0000,30,10442.00,0.046545
1131,8192,0.3,5734,2,70,1.0000,31,10290.00,0.042736
1132,8192,0.3,5734,2,70,1.0000,32,10394.00,0.076508
1133,8192,0.3,5734,2,70,1.0000,33,10150.00,0.140386
1134,8192,0.3,5734,2,70,1.0000,34,10095.00,0.128438
1135,8192,0.3,5734,2,70,1.0000,35,10375.00,0.067480
1136,8192,0.3,5734,2,70,1.0000,36,10119.00,0.060101
1137,8192,0.3,5734,2,70,1.0000,37,10830.00,0.223726
1138,8192,0.3,5734,2,70,1.0000,38,10236.00,0.075843
1139,8192,0.3,5734,2,70,1.0000,39,10484.00,0.117234
1140,8192,0.3,5734,2,70,1.0000,40,9932.00,0.029573
1141,8192,0.3,5734,2,70,1.0000,41,10301.00,0.089058
1142,8192,0.3,5734,2,70,1.0000,42,10362.00,0.056574
1143,8192,0.3,5734,2,70,1.0000,43,10070.00,0.051806
1144,8192,0.3,5734,2,70,1.0000,44,10116.00,0.011634
1145,8192,0.3,5734,2,70,1.0000,45,10468.00,0.057338
1146,8192,0.3,5734,2,70,1.0000,46,10006.00,0.090309
1147,8192,0.3,5734,2,70,1.0000,47,9878.00,0.019530
1148,8192,0.3,5734,2,70,1.0000,48,9961.00,0.079712
1149,8192,0.3,5734,2,70,1.0000,49,10113.00,0.091107
1150,8192,0.3,5734,2,70,1.0000,50,9913.00,0.232327
1151,8192,0.3,5734,2,70,1.0000,51,10294.00,0.118063
1152,8192,0.3,5734,2,70,1.0000,52,10247.00,0.039009
1153,8192,0.3,5734,2,70,1.0000,53,10243.00,0.156505
1154,8192,0.3,5734,2,70,1.0000,54,10389.00,0.161144
1155,8192,0.3,5734,2,70,1.0000,55,10582.00,0.114812
1156,8192,0.3,5734,2,70,1.0000,56,10543.00,0.061560
1157,8192,0.3,5734,2,70,1.0000,57,10460.00,0.184004
1158,8192,0.3,5734,2,70,1.0000,58,10459.00,0.060907
1159,8192,0.3,5734,2,70,1.0000,59,10061.00,0.039847
1160,8192,0.3,5734,2,70,1.0000,60,10212.00,0.071839
1161,8192,0.3,5734,2,70,1.0000,61,10197.00,0.029415
1162,8192,0.3,5734,2,70,1.0000,62,10624.00,0.173918
1163,8192,0.3,5734,2,70,1.0000,63,9873.00,0.063464
1164,8192,0.3,5734,2,70,1.0000,64,10371.00,0.090147
1165,8192,0.3,5734,2,70,1.0000,65,10096.00,0.107073
1166,8192,0.3,5734,2,70,1.0000,66,10036.00,0.206996
1167,8192,0.3,5734,2,70,1.0000,67,10613.00,0.179063
1168,8192,0.3,5734,2,70,1.0000,68,10769.00,0.097069
1169,8192,0.3,5734,2,70,1.0000,69,10509.00,0.068919
1170,8192,0.3,5734,2,70,1.0000,70,10247.00,0.096227
1171,8192,0.3,5734,2,70,1.0000,71,10819.00,0.076414
1172,8192,0.3,5734,2,70,1.0000,72,10098.00,0.111402
1173,8192,0.3,5734,2,70,1.0000,73,10548.00,0.009578
1174,8192,0.3,5734,2,70,1.0000,74,10194.00,0.065737
1175,8192,0.3,5734,2,70,1.0000,75,10223.00,0.009981
1176,8192,0.3,5734,2,70,1.0000,76,10800.00,0.188039
1177,8192,0.3,5734,2,70,1.0000,77,10518.00,0.183805
1178,8192,0.3,5734,2,70,1.0000,78,10227.00,0.080034
1179,8192,0.3,5734,2,70,1.0000,79,10366.00,0.155504
1180,8192,0.3,5734,2,70,1.0000,80,10110.00,0.131188
1181,8192,0.3,5734,2,70,1.0000,81,9688.00,0.071138
1182,8192,0.3,5734,2,70,1.0000,82,10319.00,0.134240
1183,8192,0.3,5734,2,70,1.0000,83,10605.00,0.160494
1184,8192,0.3,5734,2,70,1.0000,84,10664.00,0.073574
1185,8192,0.3,5734,2,70,1.0000,85,10181.00,0.052288
1186,8192,0.3,5734,2,70,1.0000,86,10814.00,0.019620
1187,8192,0.3,5734,2,70,1.0000,87,10394.00,0.067713
1188,8192,0.3,5734,2,70,1.0000,88,10252.00,0.025889
1189,8192,0.3,5734,2,70,1.0000,89,10326.00,0.236891
1190,8192,0.3,5734,2,70,1.0000,90,10656.00,0.078804
1191,8192,0.3,5734,2,70,1.0000,91,9663.00,0.044623
1192,8192,0.3,5734,2,70,1.0000,92,10200.00,0.031900
1193,8192,0.3,5734,2,70,1.0000,93,10453.00,0.235518
1194,8192,0.3,5734,2,70,1.0000,94,10451.00,0.183434
1195,8192,0.3,5734,2,70,1.0000,95,10210.00,0.073360
1196,8192,0.3,5734,2,70,1.0000,96,10332.00,0.049402
1197,8192,0.3,5734,2,70,1.0000,97,10173.00,0.114622
1198,8192,0.3,5734,2,70,1.0000,98,10377.00,0.082265
1199,8192,0.3,5734,2,70,1.0000,99,10391.00,0.090360
